lotplan,address
207SP277861,"Lot 207, 779 Old Bowen Road Pindi Pindi QLD"
6CI2576,"Lot 6, 102 Pindi Pindi Blackrock Creek Road Pindi Pindi QLD"
11SP173263,"Lot 11, 23 Russells Road Pindi Pindi QLD"
3C124139,"Lot 3, 81 Old Pindi Bog Road Pindi Pindi QLD"
8SP185803,"Lot 8, Pindi Pindi Blackrock Creek Road Pindi Pindi QLD"
2RP711560,"Lot 2, 37 Foxs Road Pindi Pindi QLD"
11RP730998,"Lot 11, Old Bowen Road Pindi Pindi QLD"
1RP734629,"Lot 1, 10 Russells Road Pindi Pindi QLD"
3RP744329,"Lot 3, Bruce Highway Pindi Pindi QLD"
1RP722877,"Lot 1, 4 Pindi Pindi Blackrock Creek Road Pindi Pindi QLD"
1320C124183,"Lot 1320, Old Bowen Road Pindi Pindi QLD"
89CP891780,"Lot 89, Wintons Road Pindi Pindi QLD"
118CI1009,"Lot 118, 37 Halls Road Pindi Pindi QLD"
1CI1966,"Lot 1, 5885 Bruce Highway Pindi Pindi QLD"
1RP715789,"Lot 1, 5 Foxs Road Pindi Pindi QLD"
2RP727479,"Lot 2, 50 Rise & Shine Road Pindi Pindi QLD"
4RP708487,"Lot 4, 28 Mcdonalds Road Pindi Pindi QLD"
5RP708561,"Lot 5, 126 Pindi Pindi Blackrock Creek Road Pindi Pindi QLD"
1RL5164,"Lot 1, Old Bowen Road Pindi Pindi QLD"
231SP130227,"Lot 231, Pindi Pindi Blackrock Creek Road Pindi Pindi QLD"
4RP886048,"Lot 4, 260 Pindi Pindi Blackrock Creek Road Pindi Pindi QLD"
1323C124183,"Lot 1323, 6 Mentmore Road Pindi Pindi QLD"
87CI2408,"Lot 87, 229 Rise & Shine Road Pindi Pindi QLD"
2CI1838,"Lot 2, Bruce Highway Pindi Pindi QLD"
7RP708487,"Lot 7, 28 Mcdonalds Road Pindi Pindi QLD"
2RP720793,"Lot 2, 5913 Bruce Highway Pindi Pindi QLD"
1RP724101,"Lot 1, Old Pindi Bog Road Pindi Pindi QLD"
2CI1756,"Lot 2, 5923 Bruce Highway Pindi Pindi QLD"
1RP727479,"Lot 1, Rise & Shine Road Pindi Pindi QLD"
1RP722399,"Lot 1, Wintons Road Pindi Pindi QLD"
4SP144242,"Lot 4, Russells Road Pindi Pindi QLD"
12RP905586,"Lot 12, 13 Russells Road Pindi Pindi QLD"
1RP886048,"Lot 1, 250 Pindi Pindi Blackrock Creek Road Pindi Pindi QLD"
3SP173263,"Lot 3, Pindi Pindi Blackrock Creek Road Pindi Pindi QLD"
2RP708487,"Lot 2, 203 Wintons Road Pindi Pindi QLD"
185CI2867,"Lot 185, Rise & Shine Road Pindi Pindi QLD"
2RP706097,"Lot 2, 55 Old Pindi Bog Road Pindi Pindi QLD"
2RP729819,"Lot 2, Russells Road Pindi Pindi QLD"
13RP748943,"Lot 13, 647 Old Bowen Road Pindi Pindi QLD"
113SP282829,"Lot 113, Adams Road Pindi Pindi QLD"
8SP185803,"Lot 8, Pindi Pindi Blackrock Creek Road Pindi Pindi QLD"
1RL8496,"Lot 1, Pindi Pindi Blackrock Creek Road Pindi Pindi QLD"
1C124119,"Lot 1, Pindi Pindi Blackrock Creek Road Pindi Pindi QLD"
2SP173263,"Lot 2, Russells Road Pindi Pindi QLD"
1316C124185,"Lot 1316, Old Bowen Road Pindi Pindi QLD"
1C124121,"Lot 1, 2 Wagoora Yalboroo Road Pindi Pindi QLD"
1RP720189,"Lot 1, 2 Wagoora Yalboroo Road Pindi Pindi QLD"
1RP709196,"Lot 1, 32 Old Pindi Bog Road Pindi Pindi QLD"
1RP720793,"Lot 1, Bruce Highway Pindi Pindi QLD"
1RP732465,"Lot 1, Old Bowen Road Pindi Pindi QLD"
20SP130228,"Lot 20, Bruce Highway Pindi Pindi QLD"
14RP735445,"Lot 14, 649 Old Bowen Road Pindi Pindi QLD"
1RL2366,"Lot 1, Mentmore Road Pindi Pindi QLD"
2SP107115,"Lot 2, 203 Wintons Road Pindi Pindi QLD"
5RP708487,"Lot 5, 203 Wintons Road Pindi Pindi QLD"
1316C124185,"Lot 1316, 19 Adams Road Pindi Pindi QLD"
2RP724101,"Lot 2, Old Pindi Bog Road Pindi Pindi QLD"
88CI2506,"Lot 88, 332 Rise & Shine Road Pindi Pindi QLD"
1CI1756,"Lot 1, Bruce Highway Pindi Pindi QLD"
90CI724,"Lot 90, 86 Rise & Shine Road Pindi Pindi QLD"
9SP185803,"Lot 9, 131 Pindi Pindi Blackrock Creek Road Pindi Pindi QLD"
3CI2626,"Lot 3, Pindi Pindi Blackrock Creek Road Pindi Pindi QLD"
5RP847519,"Lot 5, 6294 Bruce Highway Pindi Pindi QLD"
1SP166235,"Lot 1, Russells Road Pindi Pindi QLD"
1RL4296,"Lot 1, Mentmore Road Pindi Pindi QLD"
89CP891780,"Lot 89, Rise & Shine Road Pindi Pindi QLD"
9RP708563,"Lot 9, 18 Pindi Pindi Blackrock Creek Road Pindi Pindi QLD"
7SP185803,"Lot 7, 178 Reedmans Road Pindi Pindi QLD"
2RP729819,"Lot 2, 37 Foxs Road Pindi Pindi QLD"
1172SP177373,"Lot 1172, Foxs Road Pindi Pindi QLD"
2SP181423,"Lot 2, Foxs Road Pindi Pindi QLD"
1RP706939,"Lot 1, Old Pindi Bog Road Pindi Pindi QLD"
2RP706098,"Lot 2, Rise & Shine Road Yalboroo QLD"
3RP744330,"Lot 3, 84 Old Pindi Bog Road Pindi Pindi QLD"
15RP748943,"Lot 15, Old Bowen Road Pindi Pindi QLD"
1RP724619,"Lot 1, 428 Rise & Shine Road Yalboroo QLD"
93CI2443,"Lot 93, 386 Rise & Shine Road Yalboroo QLD"
7CI736,"Lot 7, Bruce Highway Yalboroo QLD"
135CI3326,"Lot 135, Rise & Shine Road Yalboroo QLD"
5CI790,"Lot 5, 230 Wales Road Yalboroo QLD"
45CI948,"Lot 45, Rise & Shine Road Yalboroo QLD"
38CI955,"Lot 38, Mcleods Road Yalboroo QLD"
112CI973,"Lot 112, Cathu O'Connell River Road Yalboroo QLD"
218CI3691,"Lot 218, Durnsfords Road Yalboroo QLD"
77CI1116,"Lot 77, 379 Cathu O'Connell River Road Yalboroo QLD"
125CI1181,"Lot 125, Rise & Shine Road Yalboroo QLD"
115CI1414,"Lot 115, Cathu O'Connell River Road Yalboroo QLD"
10RP736246,"Lot 10, Halliwells Road Yalboroo QLD"
251SP130229,"Lot 251, Bruce Highway Yalboroo QLD"
261SP130230,"Lot 261, Bruce Highway Yalboroo QLD"
281SP130231,"Lot 281, Bruce Highway Yalboroo QLD"
1374C124292,"Lot 1374, 241 Wintons Road Yalboroo QLD"
148RP866365,"Lot 148, Bruce Highway Yalboroo QLD"
1RP710181,"Lot 1, 16 Paskins Road Yalboroo QLD"
89CI966,"Lot 89, 147 Laws Road Yalboroo QLD"
108CI964,"Lot 108, 77 Laws Road Yalboroo QLD"
1RP722643,"Lot 1, 9 Paskins Road Yalboroo QLD"
5RP855644,"Lot 5, 488 Rise & Shine Road Yalboroo QLD"
7RP908289,"Lot 7, Dales Road Yalboroo QLD"
5RP747420,"Lot 5, 105 Cathu O'Connell River Road Yalboroo QLD"
5RP746254,"Lot 5, 111 Porters Road Yalboroo QLD"
46RP746941,"Lot 46, 46 Holds Road Yalboroo QLD"
1RP884241,"Lot 1, 51 Paskins Road Yalboroo QLD"
75CI3103,"Lot 75, 379 Cathu O'Connell River Road Yalboroo QLD"
2RP741463,"Lot 2, 282 Wintons Road Yalboroo QLD"
3RP737632,"Lot 3, 330 Sturmas Road Yalboroo QLD"
70SP131767,"Lot 70, 161 Paskins Road Yalboroo QLD"
111CI1751,"Lot 111, Rise & Shine Road Yalboroo QLD"
152CI4005,"Lot 152, Cathu O'Connell River Road Yalboroo QLD"
204CI2321,"Lot 204, 37 Mentmore Road Yalboroo QLD"
205CP817049,"Lot 205, 37 Mentmore Road Yalboroo QLD"
55CI762,"Lot 55, Bruce Highway Yalboroo QLD"
39CI955,"Lot 39, Rise & Shine Road Yalboroo QLD"
40CI955,"Lot 40, 258 Holds Road Yalboroo QLD"
41CI955,"Lot 41, 263 Holds Road Yalboroo QLD"
111CI973,"Lot 111, Cathu O'Connell River Road Yalboroo QLD"
117CI977,"Lot 117, Mcleods Road Yalboroo QLD"
8RP732634,"Lot 8, 6531 Bruce Highway Yalboroo QLD"
6RP735941,"Lot 6, Paskins Road Yalboroo QLD"
5RP736969,"Lot 5, Wintons Road Yalboroo QLD"
230C124585,"Lot 230, 67 Halliwells Road Yalboroo QLD"
63CP907621,"Lot 63, 50 Rise And Shine Road Yalboroo QLD"
3RP855644,"Lot 3, 406-419 Rise & Shine Road Yalboroo QLD"
2RP739437,"Lot 2, 37 Mentmore Road Yalboroo QLD"
7RP908289,"Lot 7, Wintons Road Yalboroo QLD"
3RP747420,"Lot 3, 335 Cathu O'Connell River Road Yalboroo QLD"
44CI954,"Lot 44, 205 Holds Road Yalboroo QLD"
1RL5918,"Lot 1, Paskins Road Yalboroo QLD"
2SP204625,"Lot 2, Cathu O'Connell River Road Yalboroo QLD"
4RP742076,"Lot 4, 659 Rise & Shine Road Yalboroo QLD"
2SP115941,"Lot 2, Le Couteur Road Yalboroo QLD"
3RP808875,"Lot 3, 584 Rise & Shine Road Yalboroo QLD"
1RP817038,"Lot 1, Cathu O'Connell River Road Yalboroo QLD"
91CI1828,"Lot 91, 6847 Bruce Highway Yalboroo QLD"
121CI2003,"Lot 121, 7023 Bruce Highway Yalboroo QLD"
148CI2387,"Lot 148, Rise & Shine Road Yalboroo QLD"
9CI2598,"Lot 9, 35 Porters Road Yalboroo QLD"
67CI723,"Lot 67, Wintons Road Yalboroo QLD"
8CI736,"Lot 8, Bruce Highway Yalboroo QLD"
32CI3433,"Lot 32, Mcleods Road Yalboroo QLD"
42CI954,"Lot 42, Holds Road Yalboroo QLD"
116CI973,"Lot 116, Cathu O'Connell River Road Yalboroo QLD"
2RP732722,"Lot 2, Sutherlands Road Yalboroo QLD"
1374C124292,"Lot 1374, 106 Dales Road Yalboroo QLD"
50CI3433,"Lot 50, 26 Mcleods Road Yalboroo QLD"
2RP710181,"Lot 2, 15 Paskins Road Yalboroo QLD"
3RP710181,"Lot 3, 9 Paskins Road Yalboroo QLD"
2RP735915,"Lot 2, 19 Paskins Road Yalboroo QLD"
64CI723,"Lot 64, 250 Wintons Road Yalboroo QLD"
1RL3726,"Lot 1, 250 Wintons Road Yalboroo QLD"
5RP730616,"Lot 5, 241 Wintons Road Yalboroo QLD"
56USL37382,"Lot 56, Wagoora Yalboroo Road Yalboroo QLD"
84CI963,"Lot 84, 379 Cathu O'Connell River Road Yalboroo QLD"
1RP718505,"Lot 1, Bruce Highway Yalboroo QLD"
144SP204625,"Lot 144, Cathu O'Connell River Road Yalboroo QLD"
3Y8061,"Lot 3, 6873 Bruce Highway Yalboroo QLD"
4Y8061,"Lot 4, 7 Leader Lane Yalboroo QLD"
7Y8061,"Lot 7, 6869 Bruce Highway Yalboroo QLD"
1RP739437,"Lot 1, 57 Halliwells Road Yalboroo QLD"
4RP808875,"Lot 4, 616 Rise & Shine Road Yalboroo QLD"
111CI1751,"Lot 111, 406 Rise & Shine Road Yalboroo QLD"
221CI4003,"Lot 221, 241 Wintons Road Yalboroo QLD"
3RP852535,"Lot 3, 24 Paskins Road Yalboroo QLD"
205CP817049,"Lot 205, Halliwells Road Yalboroo QLD"
106CI761,"Lot 106, 155 Mentmore Road Yalboroo QLD"
83CI963,"Lot 83, 337 Cathu O'Connell River Road Yalboroo QLD"
85CI964,"Lot 85, Cathu O'Connell River Road Yalboroo QLD"
131CI1215,"Lot 131, Cathu O'Connell River Road Yalboroo QLD"
8RP732829,"Lot 8, Halliwells Road Yalboroo QLD"
11RP736246,"Lot 11, Halliwells Road Yalboroo QLD"
12RP736246,"Lot 12, Sturmas Road Yalboroo QLD"
19RP736246,"Lot 19, 254 Wintons Road Yalboroo QLD"
147RP866365,"Lot 147, 6825 Bruce Highway Yalboroo QLD"
88CI964,"Lot 88, 103 Laws Road Yalboroo QLD"
658FTY1807,"Lot 658, Calen Mount Charlton Road Mount Charlton QLD"
87CI964,"Lot 87, 77 Laws Road Yalboroo QLD"
109CI966,"Lot 109, 77 Laws Road Yalboroo QLD"
3CI790,"Lot 3, 99 Bundesens Road Yalboroo QLD"
1RL3180,"Lot 1, 99 Bundesens Road Yalboroo QLD"
4RP855644,"Lot 4, 406-419 Rise & Shine Road Yalboroo QLD"
10SP218580,"Lot 10, 141 Sturmas Road Yalboroo QLD"
4RP747420,"Lot 4, Cathu O'Connell River Road Yalboroo QLD"
57USL37379,"Lot 57, Bruce Highway Yalboroo QLD"
217CI3691,"Lot 217, Wagoora Yalboroo Road Yalboroo QLD"
1RP721598,"Lot 1, 4 Le Couteur Road Yalboroo QLD"
1RL3289,"Lot 1, Wintons Road Yalboroo QLD"
1RL3761,"Lot 1, Bruce Highway Yalboroo QLD"
8Y8061,"Lot 8, 6869 Bruce Highway Yalboroo QLD"
5RP742076,"Lot 5, 611 Rise & Shine Road Yalboroo QLD"
1RP741311,"Lot 1, 31 Tolchers Road Yalboroo QLD"
2RP740491,"Lot 2, 91 Watson & Boyds Road Calen QLD"
2RP706094,"Lot 2, Bruce Highway Yalboroo QLD"
1RP727025,"Lot 1, 338 Wintons Road Yalboroo QLD"
66CI723,"Lot 66, 331 Wintons Road Yalboroo QLD"
118CI948,"Lot 118, Rise & Shine Road Yalboroo QLD"
95CI966,"Lot 95, 77 Laws Road Yalboroo QLD"
1RP736931,"Lot 1, 126 Porters Road Yalboroo QLD"
2RP736931,"Lot 2, Porters Road Yalboroo QLD"
3RP735929,"Lot 3, 96 Paskins Road Yalboroo QLD"
9RP732818,"Lot 9, 6397 Bruce Highway Yalboroo QLD"
2RP733580,"Lot 2, 52 Paskins Road Yalboroo QLD"
262SP130230,"Lot 262, Bruce Highway Yalboroo QLD"
230C124585,"Lot 230, Halliwells Road Yalboroo QLD"
140CI3561,"Lot 140, 6619 Bruce Highway Yalboroo QLD"
9SP218580,"Lot 9, 109 Comellis Road Yalboroo QLD"
1RL5339,"Lot 1, 37 Mentmore Road Yalboroo QLD"
3RP739437,"Lot 3, 37 Mentmore Road Yalboroo QLD"
76CI897,"Lot 76, 396 Cathu O'Connell River Road Yalboroo QLD"
2RP720176,"Lot 2, Halliwells Road Yalboroo QLD"
1RL5340,"Lot 1, Mentmore Road Yalboroo QLD"
1SP204625,"Lot 1, Cathu O'Connell River Road Yalboroo QLD"
5Y8061,"Lot 5, Bruce Highway Yalboroo QLD"
1RP741463,"Lot 1, 250 Wintons Road Yalboroo QLD"
1RP726315,"Lot 1, Bruce Highway Yalboroo QLD"
2RP726315,"Lot 2, 7023 Bruce Highway Yalboroo QLD"
148CI2387,"Lot 148, 1001 Rise & Shine Road Yalboroo QLD"
211CI3280,"Lot 211, Halliwells Road Yalboroo QLD"
8CI823,"Lot 8, 6885 Bruce Highway Yalboroo QLD"
104CI895,"Lot 104, Bruce Highway Yalboroo QLD"
92CI926,"Lot 92, 6619 Bruce Highway Yalboroo QLD"
90CI966,"Lot 90, Cathu O'Connell River Road Yalboroo QLD"
36CI1119,"Lot 36, Cathu O'Connell River Road Yalboroo QLD"
127CI1135,"Lot 127, Cathu O'Connell River Road Yalboroo QLD"
139CI3874,"Lot 139, Mcleods Road Yalboroo QLD"
88CI964,"Lot 88, 147 Laws Road Yalboroo QLD"
57CI726,"Lot 57, 19 Paskins Road Yalboroo QLD"
1RL3964,"Lot 1, 161 Paskins Road Yalboroo QLD"
1373C124292,"Lot 1373, 241 Wintons Road Yalboroo QLD"
3RP852535,"Lot 3, Paskins Road Yalboroo QLD"
4RP852535,"Lot 4, 568 Wagoora Yalboroo Road Yalboroo QLD"
10CI716,"Lot 10, Wintons Road Yalboroo QLD"
51USL37380,"Lot 51, Cathu O'Connell River Road Yalboroo QLD"
1RP729302,"Lot 1, Paskins Road Yalboroo QLD"
150CI3676,"Lot 150, 460 Wagoora Yalboroo Road Yalboroo QLD"
1RP720176,"Lot 1, Halliwells Road Yalboroo QLD"
143SP204625,"Lot 143, Cathu O'Connell River Road Yalboroo QLD"
2CI716,"Lot 2, 487 Paskins Road Yalboroo QLD"
2RP741311,"Lot 2, 108 Paskins Road Yalboroo QLD"
70SP131767,"Lot 70, 138 Paskins Road Yalboroo QLD"
5Y8061,"Lot 5, 6873 Bruce Highway Yalboroo QLD"
1RP742151,"Lot 1, 700 Rise & Shine Road Yalboroo QLD"
3RP740491,"Lot 3, 739 Rise & Shine Road Yalboroo QLD"
1RP737632,"Lot 1, 255 Sturmas Road Yalboroo QLD"
79CI1816,"Lot 79, 1003 Rise & Shine Road Yalboroo QLD"
138CI1824,"Lot 138, Bruce Highway Yalboroo QLD"
1CI4290,"Lot 1, 33 Watson & Boyds Road Calen QLD"
54CI762,"Lot 54, Mcleods Road Yalboroo QLD"
53CI780,"Lot 53, Mcleods Road Yalboroo QLD"
35CI3433,"Lot 35, Mcleods Road Yalboroo QLD"
44CI954,"Lot 44, Rise & Shine Road Yalboroo QLD"
110CI966,"Lot 110, Cathu O'Connell River Road Yalboroo QLD"
113CI973,"Lot 113, Cathu O'Connell River Road Yalboroo QLD"
4RP736969,"Lot 4, Wintons Road Yalboroo QLD"
5RP735941,"Lot 5, 97 Paskins Road Yalboroo QLD"
17RP736246,"Lot 17, Dales Road Yalboroo QLD"
20RP736247,"Lot 20, Halliwells Road Yalboroo QLD"
1121C124168,"Lot 1121, 20 Halliwells Road Yalboroo QLD"
8SP218580,"Lot 8, 82 Sturmas Road Yalboroo QLD"
1CI716,"Lot 1, Wintons Road Yalboroo QLD"
7RP732634,"Lot 7, Bruce Highway Yalboroo QLD"
1RP730637,"Lot 1, Sutherlands Road Yalboroo QLD"
1RP720886,"Lot 1, Bruce Highway Yalboroo QLD"
3RP745260,"Lot 3, 323 Sturmas Road Yalboroo QLD"
6RP817038,"Lot 6, 69 Cathu O'Connell River Road Yalboroo QLD"
74CI2489,"Lot 74, Cathu O'Connell River Road Yalboroo QLD"
142CI3014,"Lot 142, Cathu O'Connell River Road Yalboroo QLD"
77CI3146,"Lot 77, Bundesens Road Yalboroo QLD"
72CI726,"Lot 72, Bruce Highway Yalboroo QLD"
62CI731,"Lot 62, 38 Tolchers Road Yalboroo QLD"
4CI790,"Lot 4, Wales Road Yalboroo QLD"
51CI3433,"Lot 51, Mcleods Road Yalboroo QLD"
52CI934,"Lot 52, Mcleods Road Yalboroo QLD"
119CI948,"Lot 119, 986 Rise & Shine Road Yalboroo QLD"
107CI964,"Lot 107, Cathu O'Connell River Road Yalboroo QLD"
27CI1010,"Lot 27, Mcleods Road Yalboroo QLD"
78CI1046,"Lot 78, 2 Watson & Boyds Road Calen QLD"
2RP736969,"Lot 2, Wintons Road Yalboroo QLD"
3RP736969,"Lot 3, 413 Wintons Road Yalboroo QLD"
18RP736246,"Lot 18, Halliwells Road Yalboroo QLD"
263SP130230,"Lot 263, Bruce Highway Yalboroo QLD"
2RP810424,"Lot 2, 142 Cathu O'Connell River Road Yalboroo QLD"
86CI964,"Lot 86, 77 Laws Road Yalboroo QLD"
68CI723,"Lot 68, 161 Paskins Road Yalboroo QLD"
1RL2816,"Lot 1, 19 Paskins Road Yalboroo QLD"
58SP122901,"Lot 58, Bruce Highway Yalboroo QLD"
46RP746941,"Lot 46, Rise & Shine Road Yalboroo QLD"
10RP747768,"Lot 10, Bruce Highway Yalboroo QLD"
60USL37379,"Lot 60, Bruce Highway Yalboroo QLD"
3RP884241,"Lot 3, 19 Paskins Road Yalboroo QLD"
3RP719299,"Lot 3, Bruce Highway Yalboroo QLD"
1RP720720,"Lot 1, Wintons Road Yalboroo QLD"
1Y8061,"Lot 1, 6877 Bruce Highway Yalboroo QLD"
2Y8061,"Lot 2, 6875 Bruce Highway Yalboroo QLD"
6Y8061,"Lot 6, 6871 Bruce Highway Yalboroo QLD"
129SP122900,"Lot 129, 106 Gells Road Yalboroo QLD"
1RP745255,"Lot 1, Wales Road Yalboroo QLD"
2RP745259,"Lot 2, Sutherlands Road Yalboroo QLD"
